{
  "linear": {
    "train_mae": 0.5056034404912503,
    "test_mae": 0.4407752165602784,
    "test_r2": 0.7219327550293573
  },
  "ridge": {
    "train_mae": 0.5053475602514773,
    "test_mae": 0.4413798675324417,
    "test_r2": 0.7212711554679346
  },
  "rf": {
    "train_mae": 0.002841754171238072,
    "test_mae": 0.00435774644869758,
    "test_r2": 0.9990802913811677
  },
  "gb": {
    "train_mae": 2.5060805527731348e-05,
    "test_mae": 0.0008424376134725894,
    "test_r2": 0.999938916835226
  }
}